x,y,z,flag
528171.92599999998,3927535.1899999999,-3265.0999999999999,0
528187.82400000002,3927553.3960000002,-3274.6999999999998,0
528200.42200000002,3927567.5950000002,-3277.9000000000001,0
528203.82700000005,3927570.5929999999,-3267.6999999999998,0
528218.12600000005,3927586.9939999999,-3275.3000000000002,0
528223.42099999997,3927592.2919999999,-3267.5999999999999,0
528216.37300000002,3927533.0060000001,-3271.8800000000001,0
528145.48400000005,3927531.5490000001,-3272.0700000000002,0
528152.07999999996,3927538.75,-3266.9699999999998,0
528161.68200000003,3927549.75,-3267.9699999999998,0
528172.68000000005,3927562.3450000002,-3268.8699999999999,0
528180.27800000005,3927570.7439999999,-3265.27,0
528191.375,3927583.5469999998,-3268.77,0
528059.07700000005,3927534.932,-3258.8200000000002,0
528067.875,3927544.5359999998,-3255.52,0
528077.28200000001,3927555.233,-3254.9200000000001,0
528086.57900000003,3927565.7340000002,-3256.1199999999999,0
528095.27899999998,3927575.3330000001,-3253.4200000000001,0
528108.48199999996,3927590.5219999999,-3258.8200000000002,0
528113.98199999996,3927596.4249999998,-3252.8200000000002,0
528124.58200000005,3927608.429,-3253.52,0
528133.78099999996,3927618.628,-3251.52,0
528053.25399999996,3927539.673,-3262.7199999999998,0
528058.25399999996,3927545.2719999999,-3254.2199999999998,0
528068.45299999998,3927557.1669999999,-3255.52,0
528077.74600000004,3927567.9679999999,-3255.6199999999999,0
528084.54399999999,3927575.7689999999,-3251.7199999999998,0
528099.24399999995,3927593.0669999998,-3259.1199999999999,0
528100.946,3927594.6690000002,-3246.2199999999998,0
528004.34100000001,3927534.1850000001,-3261.1900000000001,0
528010.43900000001,3927540.8820000002,-3255.5900000000001,0
528018.63699999999,3927550.2850000001,-3253.5900000000001,0
528028.93400000001,3927562.0899999999,-3254.9899999999998,0
528039.13300000003,3927573.8879999998,-3256.1900000000001,0
528049.04200000002,3927585.2880000002,-3256.79,0
528056.13500000001,3927593.3879999998,-3252.8899999999999,0
528060.93799999997,3927598.5869999998,-3246.0900000000001,0
528074.63800000004,3927614.5899999999,-3252.79,0
528084.73499999999,3927626.1839999999,-3253.4899999999998,0
528092.03399999999,3927634.4879999999,-3250.6900000000001,0
527864.82499999995,3927531.6030000001,-3274.71,0
527873.32400000002,3927541.301,-3274.3099999999999,0
527880.12300000002,3927548.8999999999,-3269.9099999999999,0
527887.02000000002,3927556.5060000001,-3265.3099999999999,0
527902.71900000004,3927575.2039999999,-3275.4099999999999,0
527912.321,3927586.1949999998,-3275.4099999999999,0
527917.72499999998,3927592,-3268.5100000000002,0
527923.91799999995,3927598.7999999998,-3262.8099999999999,0
527932.91500000004,3927609.0980000002,-3263.8099999999999,0
527940.72400000005,3927617.8990000002,-3260.4099999999999,0
527952.11800000002,3927631.199,-3262.8099999999999,0
527957.62199999997,3927636.997,-3255.8099999999999,0
527965.62199999997,3927646.0019999999,-3253.8099999999999,0
527973.02599999995,3927654.3999999999,-3251.3099999999999,0
527980.42200000002,3927662.699,-3247.9099999999999,0
527987.71799999999,3927670.898,-3244.4099999999999,0
527997.81700000004,3927682.3969999999,-3244.6100000000001,0
528010.21499999997,3927696.997,-3249.8099999999999,0
528017.31999999995,3927705.0989999999,-3247.0100000000002,0
528026.81400000001,3927715.7990000001,-3245.21,0
528038.821,3927730.1039999998,-3251.8099999999999,0
528044.01899999997,3927735.5980000002,-3245.21,0
528048.21999999997,3927739.798,-3235.3099999999999,0
528059.522,3927752.9010000001,-3238.71,0
528068.31999999995,3927763.094,-3238.9099999999999,0
527909.98999999999,3927527.9500000002,-3275.1399999999999,0
527918.59499999997,3927537.9539999999,-3274.04,0
527921.89399999997,3927541.3489999999,-3262.3400000000001,0
527933.59299999999,3927554.9550000001,-3266.1399999999999,0
527944.09199999995,3927567.048,-3266.54,0
527955.39199999999,3927580.2459999998,-3271.04,0
527967.59199999995,3927594.557,-3273.6399999999999,0
527973.49399999995,3927601.1469999999,-3268.04,0
527981.98999999999,3927610.8470000001,-3266.4400000000001,0
527987.99300000002,3927617.7480000001,-3261.04,0
527994.68700000003,3927625.2519999999,-3255.7399999999998,0
528001.08999999997,3927632.5469999998,-3250.04,0
528010.79500000004,3927643.7540000002,-3251.8400000000001,0
528018.49199999997,3927652.6529999999,-3249.8400000000001,0
528028.29599999997,3927663.852,-3247.9400000000001,0
528036.89399999997,3927673.8480000002,-3246.4400000000001,0
528044.58999999997,3927682.6549999998,-3242.9400000000001,0
528053.68799999997,3927693.25,-3244.6399999999999,0
528065.58700000006,3927707.0529999998,-3248.04,0
528073.29099999997,3927715.8530000001,-3244.3400000000001,0
527850.19999999995,3927533.4180000001,-3284.6700000000001,0
527859.20299999998,3927544.4139999999,-3282.6700000000001,0
527866.995,3927553.9199999999,-3280.77,0
527876.70200000005,3927565.4160000002,-3280.27,0
527891.20400000003,3927582.4130000002,-3288.6700000000001,0
527903.19700000004,3927597.4070000001,-3293.6700000000001,0
527908.19900000002,3927603.4169999999,-3285.6700000000001,0
527912.196,3927607.517,-3275.27,0
527920.50100000005,3927617.4109999998,-3274.8699999999999,0
527926.79799999995,3927624.8110000002,-3268.77,0
527932.49800000002,3927631.5129999998,-3262.77,0
527939.59999999998,3927639.909,-3257.6700000000001,0
527950.09600000002,3927652.415,-3260.0700000000002,0
527955.995,3927659.3139999998,-3254.0700000000002,0
527962.897,3927667.406,-3248.3699999999999,0
527972.098,3927678.3089999999,-3248.77,0
527982.20299999998,3927690.307,-3249.1700000000001,0
527990.30099999998,3927700.0099999998,-3246.5700000000002,0
527998.79799999995,3927710.108,-3245.3699999999999,0
527762.38600000006,3927539.4219999998,-3291.6300000000001,0
527771.38300000003,3927549.4130000002,-3288.6300000000001,0
527782.37899999996,3927562.4169999999,-3290.6300000000001,0
527789.38399999996,3927570.4210000001,-3285.6300000000001,0
527799.38699999999,3927581.4160000002,-3283.6300000000001,0
527808.38300000003,3927591.4210000001,-3282.6300000000001,0
527816.98899999994,3927601.8149999999,-3280.3299999999999,0
527824.98199999996,3927611.014,-3278.3299999999999,0
527835.08100000001,3927622.7149999999,-3278.3299999999999,0
527843.58400000003,3927632.409,-3275.1300000000001,0
527850.58499999996,3927640.2149999999,-3270.0300000000002,0
527856.58600000001,3927646.9190000002,-3263.3299999999999,0
527862.68700000003,3927653.719,-3257.73,0
527871.58200000005,3927664.0159999998,-3255.9299999999998,0
527878.38199999998,3927671.6129999999,-3250.4299999999998,0
527891.88,3927687.5150000001,-3256.1300000000001,0
527898.98499999999,3927695.6179999998,-3252.73,0
527908.58600000001,3927706.7179999999,-3251.23,0
527920.38199999998,3927720.6150000002,-3255.0300000000002,0
527928.28500000003,3927729.5189999999,-3251.6300000000001,0
527935.98199999996,3927738.3119999999,-3247.9299999999998,0
527942.28500000003,3927745.3080000002,-3242.4299999999998,0
527953.08499999996,3927758.0180000002,-3244.3299999999999,0
527962.78099999996,3927769.3139999998,-3244.6300000000001,0
527974.18099999998,3927782.7080000001,-3247.4299999999998,0
527985.78099999996,3927796.3119999999,-3250.3299999999999,0
527997.08600000001,3927809.6150000002,-3252.73,0
528006.78200000001,3927820.912,-3252.1300000000001,0
528015.28700000001,3927830.713,-3249.5300000000002,0
528029.78200000001,3927847.909,-3257.1300000000001,0
528038.88,3927858.5070000002,-3257.4299999999998,0
528048.08400000003,3927869.1039999998,-3255.8299999999999,0
527740.44299999997,3927539.8900000001,-3293.8200000000002,0
527751.43900000001,3927552.892,-3295.8200000000002,0
527759.43799999997,3927561.8840000001,-3293.8200000000002,0
527767.43999999994,3927571.8900000001,-3291.8200000000002,0
527774.43500000006,3927579.8879999998,-3284.8200000000002,0
527784.43599999999,3927591.889,-3286.8200000000002,0
527794.43700000003,3927603.889,-3286.8200000000002,0
527804.43799999997,3927615.8900000001,-3287.8200000000002,0
527814.44200000004,3927626.8849999998,-3288.8200000000002,0
527819.33900000004,3927632.8820000002,-3281.02,0
527826.84100000001,3927641.7820000001,-3277.7199999999998,0
527833.63600000006,3927649.6910000001,-3272.4200000000001,0
527842.33600000001,3927659.9849999999,-3270.52,0
527850.13699999999,3927669.0869999998,-3266.9200000000001,0
527858.83700000006,3927679.3810000001,-3265.02,0
527866.63800000004,3927688.483,-3262.7199999999998,0
527874.93599999999,3927698.3849999998,-3261.9200000000001,0
527884.23899999994,3927709.3879999998,-3260.8200000000002,0
527892.33600000001,3927718.9890000001,-3258.7199999999998,0
527899.93500000006,3927727.7880000002,-3254.52,0
527907.54299999995,3927736.6869999999,-3251.4200000000001,0
527914.13800000004,3927744.3849999998,-3246.7199999999998,0
527921.83799999999,3927753.389,-3243.7199999999998,0
527933.33400000003,3927767.2829999998,-3248.2199999999998,0
527946.83799999999,3927783.4849999999,-3253.4200000000001,0
527957.33299999998,3927795.9819999998,-3254.8200000000002,0
527963.74199999997,3927803.486,-3250.6199999999999,0
527969.73400000005,3927810.3840000001,-3244.6199999999999,0
527982.13300000003,3927825.281,-3249.9200000000001,0
527986.63800000004,3927830.3840000001,-3242.6199999999999,0
528002.93700000003,3927850.0800000001,-3251.8200000000002,0
527672.54299999995,3927528.4759999998,-3298.0599999999999,0
527680.54599999997,3927537.4780000001,-3296.0599999999999,0
527690.54599999997,3927549.4780000001,-3295.0599999999999,0
527702.54399999999,3927564.4750000001,-3301.0599999999999,0
527709.55299999996,3927572.4750000001,-3296.0599999999999,0
527716.54799999995,3927580.4730000002,-3292.0599999999999,0
527729.55299999996,3927596.4739999999,-3297.0599999999999,0
527739.54599999997,3927608.48,-3298.0599999999999,0
527744.54599999997,3927614.48,-3290.0599999999999,0
527751.549,3927622.4720000001,-3286.0599999999999,0
527759.54700000002,3927632.48,-3284.0599999999999,0
527767.64899999998,3927641.4739999999,-3281.6599999999999,0
527774.647,3927649.7769999998,-3277.2600000000002,0
527787.54299999995,3927665.4739999999,-3282.0599999999999,0
527792.94900000002,3927671.676,-3276.3600000000001,0
527801.24300000002,3927681.4750000001,-3274.0599999999999,0
527809.84600000002,3927691.8810000001,-3272.1599999999999,0
527818.24800000002,3927701.8769999999,-3270.5599999999999,0
527827.24600000004,3927712.6690000002,-3270.5599999999999,0
527832.84699999995,3927719.2719999999,-3264.46,0
527839.549,3927727.0750000002,-3258.96,0
527853.14000000001,3927743.5720000002,-3265.2600000000002,0
527860.14500000002,3927751.8689999999,-3261.2600000000002,0
527866.951,3927760.0759999999,-3257.5599999999999,0
527873.446,3927767.6749999998,-3253.2600000000002,0
527884.946,3927781.6719999998,-3257.96,0
527647.16799999995,3927542.2609999999,-3300.9099999999999,0
527656.174,3927552.2629999998,-3297.9099999999999,0
527667.16599999997,3927565.2629999998,-3298.9099999999999,0
527674.17099999997,3927573.267,-3294.9099999999999,0
527683.16799999995,3927584.2620000001,-3293.9099999999999,0
527694.16299999994,3927596.2609999999,-3295.9099999999999,0
527702.17000000004,3927606.2609999999,-3291.9099999999999,0
527709.17200000002,3927615.2650000001,-3288.9099999999999,0
527719.16899999999,3927626.2629999998,-3287.9099999999999,0
527728.17000000004,3927636.2579999999,-3286.9099999999999,0
527738.17000000004,3927648.2620000001,-3286.9099999999999,0
527746.16599999997,3927657.2609999999,-3282.9099999999999,0
527754.06299999997,3927666.9610000001,-3280.3099999999999,0
527762.96600000001,3927677.3670000001,-3279.5100000000002,0
527770.36399999994,3927685.8640000001,-3274.71,0
527778.76899999997,3927695.7609999999,-3273.3099999999999,0
527787.36399999994,3927705.8650000002,-3272.3099999999999,0
527796.47100000002,3927716.4649999999,-3269.8099999999999,0
527803.16700000002,3927724.1669999999,-3265.3099999999999,0
527811.46799999999,3927733.9569999999,-3263.71,0
527821.06499999994,3927745.1630000002,-3263.21,0
527829.26800000004,3927754.6680000001,-3259.8099999999999,0
527837.36499999999,3927764.264,-3258.8099999999999,0
527844.67099999997,3927772.7609999999,-3254.9099999999999,0
527852.76899999997,3927782.1579999998,-3251.8099999999999,0
527869.56099999999,3927802.3620000002,-3262.71,0
527599.69799999997,3927535.9240000001,-3300.79,0
527604.69900000002,3927541.9219999998,-3293.79,0
527615.69499999995,3927554.923,-3295.79,0
527623.696,3927563.9270000001,-3291.79,0
527634.69700000004,3927575.9219999998,-3293.79,0
527645.69400000002,3927589.9210000001,-3297.79,0
527651.696,3927596.9169999999,-3291.79,0
527658.696,3927604.9240000001,-3287.79,0
527669.69900000002,3927617.9180000001,-3287.79,0
527678.69400000002,3927628.9240000001,-3288.79,0
527685.696,3927636.9169999999,-3282.79,0
527690.09699999995,3927641.4190000002,-3274.29,0
527704.69400000002,3927659.9199999999,-3283.79,0
527713.69499999995,3927669.9210000001,-3283.79,0
527723.696,3927680.9199999999,-3282.79,0
527729.89800000004,3927688.2179999999,-3276.29,0
527740.09999999998,3927700.3199999998,-3278.29,0
527747.49600000004,3927708.9249999998,-3273.9899999999998,0
527753.59699999995,3927715.912,-3268.8899999999999,0
527760.89199999999,3927724.4190000002,-3266.5900000000001,0
527770.79299999995,3927736.1189999999,-3265.8899999999999,0
527784.69499999995,3927752.821,-3274.5900000000001,0
527793.99399999995,3927763.719,-3273.6900000000001,0
527801.49699999997,3927772.415,-3271.29,0
527807.79799999995,3927779.7200000002,-3266.0900000000001,0
527822.995,3927797.9190000002,-3274.5900000000001,0
527831.59299999999,3927808.0219999999,-3273.79,0
527842.49600000004,3927820.9180000001,-3275.5900000000001,0
527850.39300000004,3927830.1209999998,-3272.5900000000001,0
527858.39000000001,3927839.514,-3269.9899999999998,0
527487.13600000006,3927535.2579999999,-3308.5300000000002,0
527496.14000000001,3927546.2549999999,-3306.5300000000002,0
527506.13399999996,3927558.2579999999,-3307.5300000000002,0
527513.13600000006,3927566.2629999998,-3303.5300000000002,0
527522.13500000001,3927576.2540000002,-3301.5300000000002,0
527529.13699999999,3927584.2590000001,-3297.5300000000002,0
527537.13600000006,3927594.2629999998,-3294.5300000000002,0
527546.14000000001,3927605.2599999998,-3294.5300000000002,0
527556.13399999996,3927617.2629999998,-3294.5300000000002,0
527565.13800000004,3927627.2609999999,-3293.5300000000002,0
527573.13199999998,3927636.2590000001,-3290.5300000000002,0
527580.13300000003,3927645.2629999998,-3287.5300000000002,0
527589.13800000004,3927655.2609999999,-3285.5300000000002,0
527596.43099999998,3927663.264,-3280.73,0
527604.93400000001,3927673.3569999998,-3279.1300000000001,0
527616.12899999996,3927687.2579999999,-3283.5300000000002,0
527623.72900000005,3927695.6570000001,-3279.9299999999998,0
527630.73100000003,3927703.5559999999,-3275.0300000000002,0
527640.03200000001,3927714.6639999999,-3274.6300000000001,0
527649.22699999996,3927725.5600000001,-3274.4299999999998,0
527661.93200000003,3927740.8629999999,-3280.3299999999999,0
527672.12600000005,3927753.2620000001,-3282.5300000000002,0
527680.02800000005,3927762.3670000001,-3279.1300000000001,0
527689.32200000004,3927773.361,-3278.73,0
527697.62399999995,3927783.0589999999,-3276.5300000000002,0
527704.12699999998,3927790.4649999999,-3270.73,0
527715.32700000005,3927803.963,-3274.0300000000002,0
527724.821,3927815.2609999999,-3274.4299999999998,0
527739.12199999997,3927833.2599999998,-3283.5300000000002,0
527747.31999999995,3927842.264,-3280.8299999999999,0
527757.12300000002,3927854.2609999999,-3281.5300000000002,0
527764.22400000005,3927862.1669999999,-3277.4299999999998,0
527771.02099999995,3927870.0600000001,-3275.1300000000001,0
527845.71699999995,3927958.767,-3271.6300000000001,0
527851.51399999997,3927965.2629999998,-3266.4299999999998,0
527453.098,3927531.1660000002,-3305.8600000000001,0
527463.09499999997,3927542.1669999999,-3304.8600000000001,0
527471.09600000002,3927550.1639999999,-3300.8600000000001,0
527479.09600000002,3927559.173,-3298.8600000000001,0
527488.09499999997,3927568.1669999999,-3295.8600000000001,0
527498.09400000004,3927580.165,-3297.8600000000001,0
527507.09900000005,3927589.1660000002,-3295.8600000000001,0
527516.098,3927599.1710000001,-3293.8600000000001,0
527526.09600000002,3927610.1719999998,-3293.8600000000001,0
527536.09900000005,3927620.1699999999,-3293.8600000000001,0
527544.09299999999,3927629.1710000001,-3290.8600000000001,0
527554.098,3927640.165,-3290.8600000000001,0
527562.09199999995,3927649.1669999999,-3289.8600000000001,0
527570.09199999995,3927657.165,-3284.8600000000001,0
527582.09400000004,3927670.165,-3288.8600000000001,0
527588.09699999995,3927676.1710000001,-3281.8600000000001,0
527598.09499999997,3927687.1719999998,-3282.8600000000001,0
527607.09400000004,3927697.162,-3281.8600000000001,0
527617.09199999995,3927708.1639999999,-3280.8600000000001,0
527629.09299999999,3927721.1639999999,-3284.8600000000001,0
527636.39000000001,3927729.463,-3280.5599999999999,0
527644.99600000004,3927738.7680000002,-3279.1599999999999,0
527654.89800000004,3927749.6669999999,-3279.96,0
527665.09699999995,3927761.1630000002,-3281.8600000000001,0
527672.69400000002,3927768.963,-3276.96,0
527680.09999999998,3927776.7629999998,-3273.2600000000002,0
527691.79399999999,3927789.8590000002,-3276.2600000000002,0
527700.29299999995,3927798.963,-3273.96,0
527712.49300000002,3927812.9679999999,-3279.7600000000002,0
527722.39500000002,3927823.8670000001,-3280.0599999999999,0
527728.69299999997,3927830.1579999998,-3274.1599999999999,0
527735.99600000004,3927837.8629999999,-3270.0599999999999,0
527746.29500000004,3927849.1570000001,-3270.96,0
527500.745,3927532.071,-3308.1599999999999,0
527508.74699999997,3927540.0690000001,-3303.1599999999999,0
527517.74800000002,3927550.071,-3303.1599999999999,0
527525.75,3927558.0699999998,-3299.1599999999999,0
527536.74800000002,3927570.0639999998,-3300.1599999999999,0
527545.74800000002,3927580.0669999998,-3299.1599999999999,0
527553.73999999999,3927589.0690000001,-3295.1599999999999,0
527561.74199999997,3927597.0669999998,-3292.1599999999999,0
527569.74399999995,3927605.0660000001,-3289.1599999999999,0
527576.74100000004,3927613.068,-3285.1599999999999,0
527589.74699999997,3927628.0669999998,-3291.1599999999999,0
527599.745,3927638.0720000002,-3290.1599999999999,0
527608.74899999995,3927647.0630000001,-3289.1599999999999,0
527617.75,3927657.0660000001,-3287.1599999999999,0
527626.74399999995,3927667.0610000002,-3286.1599999999999,0
527634.75,3927676.0639999998,-3283.1599999999999,0
527644.74600000004,3927687.0660000001,-3285.1599999999999,0
527654.74399999995,3927697.0699999998,-3284.1599999999999,0
527664.74800000002,3927708.0660000001,-3284.1599999999999,0
527671.94700000004,3927715.5669999998,-3279.46,0
527680.84400000004,3927725.162,-3278.46,0
527691.74600000004,3927737.068,-3280.1599999999999,0
527703.74300000002,3927751.0669999998,-3284.1599999999999,0
527709.647,3927756.3620000002,-3277.5599999999999,0
527719.04099999997,3927766.4640000002,-3277.0599999999999,0
527724.446,3927771.8670000001,-3269.8600000000001,0
527739.74600000004,3927789.0610000002,-3280.1599999999999,0
527747.94299999997,3927797.8590000002,-3277.8600000000001,0
527755.14300000004,3927805.3599999999,-3273.1599999999999,0
527759.64899999998,3927809.6609999998,-3264.6599999999999,0
527769.74399999995,3927820.6669999999,-3265.0599999999999,0
527781.84900000005,3927834.0619999999,-3269.3600000000001,0
527792.84299999999,3927845.9640000002,-3270.2600000000002,0
527803.34699999995,3927857.5580000002,-3272.5599999999999,0
527814.94400000002,3927870.361,-3274.7600000000002,0
527424.15000000002,3927535.7829999998,-3299.79,0
527433.15099999995,3927545.7880000002,-3299.79,0
527443.14500000002,3927557.781,-3301.79,0
527453.14399999997,3927567.781,-3299.79,0
527466.14099999995,3927583.784,-3307.79,0
527473.14800000004,3927590.7790000001,-3300.79,0
527480.14500000002,3927598.7850000001,-3297.79,0
527489.14599999995,3927608.7889999999,-3294.79,0
527498.14800000004,3927618.7799999998,-3294.79,0
527506.147,3927627.7779999999,-3293.79,0
527514.14399999997,3927637.7799999998,-3290.79,0
527523.14800000004,3927646.781,-3287.79,0
527531.147,3927655.7790000001,-3285.79,0
527537.94499999995,3927663.3829999999,-3280.5900000000001,0
527550.14899999998,3927677.784,-3286.79,0
527559.14399999997,3927687.781,-3284.79,0
527566.44900000002,3927695.8820000002,-3281.4899999999998,0
527577.14599999995,3927707.7760000001,-3281.79,0
527585.34699999995,3927717.3820000002,-3280.5900000000001,0
527596.14899999998,3927729.7820000001,-3282.79,0
527603.65000000002,3927738.1779999998,-3279.6900000000001,0
527614.14599999995,3927750.1800000002,-3280.8899999999999,0
527623.14599999995,3927760.4739999999,-3280.8899999999999,0
527636.14599999995,3927774.773,-3286.79,0
527643.14300000004,3927782.7790000001,-3281.79,0
527651.84600000002,3927793.2829999998,-3281.0900000000001,0
527660.745,3927803.3689999999,-3280.5900000000001,0
527672.14599999995,3927816.7710000002,-3283.79,0
527683.14399999997,3927828.781,-3285.79,0
527688.34600000002,3927834.6740000001,-3279.0900000000001,0
527698.245,3927846.071,-3279.79,0
527708.54200000002,3927857.875,-3281.0900000000001,0
527716.64800000004,3927867.0750000002,-3279.79,0
527723.24300000002,3927874.3760000002,-3274.9899999999998,0
527731.34499999997,3927883.469,-3272.0900000000001,0
527739.94200000004,3927893.2769999998,-3271.5900000000001,0
527746.14500000002,3927899.9720000001,-3265.5900000000001,0
527756.54599999997,3927912.077,-3269.0900000000001,0
527767.34100000001,3927924.4700000002,-3269.5900000000001,0
527774.84600000002,3927932.9720000001,-3266.9899999999998,0
527788.44799999997,3927948.8730000001,-3274.1900000000001,0
527797.44299999997,3927959.0750000002,-3271.79,0
527804.44700000004,3927966.8689999999,-3268.8899999999999,0
527814.549,3927978.5690000001,-3270.3899999999999,0
527823.64800000004,3927989.071,-3271.1900000000001,0
527832.74600000004,3927999.3689999999,-3269.5900000000001,0
527325.17500000005,3927531.3119999999,-3304.5300000000002,0
527333.18099999998,3927540.307,-3301.5300000000002,0
527341.179,3927549.3089999999,-3298.5300000000002,0
527353.18200000003,3927562.3089999999,-3302.5300000000002,0
527361.18000000005,3927571.3110000002,-3299.5300000000002,0
527370.17799999996,3927581.307,-3298.5300000000002,0
527382.18099999998,3927594.3080000002,-3299.5300000000002,0
527392.17200000002,3927605.3050000002,-3300.5300000000002,0
527400.17700000003,3927614.2999999998,-3297.5300000000002,0
527408.17500000005,3927623.301,-3294.5300000000002,0
527417.17500000005,3927634.301,-3295.5300000000002,0
527427.17299999995,3927645.3059999999,-3294.5300000000002,0
527436.17500000005,3927654.3050000002,-3292.5300000000002,0
527446.17500000005,3927666.2999999998,-3291.5300000000002,0
527455.179,3927676.3029999998,-3290.5300000000002,0
527464.17700000003,3927686.2990000001,-3289.5300000000002,0
527472.18000000005,3927694.304,-3287.5300000000002,0
527481.17799999996,3927704.2999999998,-3284.5300000000002,0
527487.87699999998,3927711.2949999999,-3278.8299999999999,0
527503.17799999996,3927728.3050000002,-3288.5300000000002,0
527509.17299999995,3927736.2999999998,-3282.5300000000002,0
527523.17000000004,3927752.301,-3290.5300000000002,0
527532.17500000005,3927762.304,-3288.5300000000002,0
527541.17799999996,3927771.3029999998,-3285.5300000000002,0
527549.17599999998,3927780.3050000002,-3283.5300000000002,0
527560.17500000005,3927793.2940000002,-3285.5300000000002,0
527566.28099999996,3927799.199,-3280.4299999999998,0
527578.17500000005,3927812.3029999998,-3282.5300000000002,0
527589.174,3927825.2919999999,-3286.5300000000002,0
527598.179,3927835.2949999999,-3284.5300000000002,0
527607.17700000003,3927845.2910000002,-3283.5300000000002,0
527613.97400000005,3927852.5929999999,-3278.23,0
527622.67799999996,3927862.193,-3277.1300000000001,0
527631.67200000002,3927872.0970000001,-3275.0300000000002,0
527641.67500000005,3927883.398,-3275.4299999999998,0
527648.77399999998,3927891.0899999999,-3270.6300000000001,0
527656.47900000005,3927899.3909999998,-3266.4299999999998,0
527664.07400000002,3927907.591,-3263.23,0
527674.47400000005,3927919.3969999999,-3264.9299999999998,0
527685.47699999996,3927931.997,-3267.3299999999999,0
527698.27500000002,3927946.7930000001,-3272.5300000000002,0
527707.27300000004,3927956.7889999999,-3271.5300000000002,0
527720.174,3927971.693,-3276.1300000000001,0
527728.57200000004,3927981.0869999998,-3275.8299999999999,0
527738.57799999998,3927992.29,-3274.23,0
527318.93299999996,3927528.4619999998,-3304.4499999999998,0
527328.93599999999,3927539.4640000002,-3304.4499999999998,0
527339.93200000003,3927551.4670000002,-3305.4499999999998,0
527347.93400000001,3927559.4700000002,-3299.4499999999998,0
527356.93599999999,3927568.4670000002,-3295.4499999999998,0
527366.93599999999,3927580.4589999998,-3296.4499999999998,0
527376.93200000003,3927591.4679999999,-3294.4499999999998,0
527387.93500000006,3927603.4640000002,-3296.4499999999998,0
527398.93599999999,3927614.463,-3295.4499999999998,0
527406.94099999999,3927623.463,-3292.4499999999998,0
527415.93500000006,3927632.4670000002,-3288.4499999999998,0
527427.93099999998,3927645.4640000002,-3289.4499999999998,0
527436.93500000006,3927655.4580000001,-3288.4499999999998,0
527447.93599999999,3927666.4569999999,-3288.4499999999998,0
527457.93900000001,3927677.4589999998,-3287.4499999999998,0
527467.93099999998,3927689.4580000001,-3287.4499999999998,0
527478.93200000003,3927700.4569999999,-3288.4499999999998,0
527487.929,3927710.4580000001,-3286.4499999999998,0
527498.93200000003,3927722.4539999999,-3287.4499999999998,0
527506.93700000003,3927731.4539999999,-3283.4499999999998,0
527517.93700000003,3927742.4539999999,-3282.4499999999998,0
527527.93400000001,3927753.4619999998,-3282.4499999999998,0
527537.43500000006,3927763.7549999999,-3279.75,0
527547.23199999996,3927774.4569999999,-3280.8499999999999,0
527556.03700000001,3927783.7540000002,-3277.1500000000001,0
527563.63800000004,3927791.6570000001,-3272.8499999999999,0
527575.73400000005,3927804.9610000001,-3275.0500000000002,0
527582.13100000005,3927811.4559999998,-3268.5500000000002,0
527591.23999999999,3927821.1549999998,-3266.0500000000002,0
527603.13699999999,3927834.1499999999,-3267.3499999999999,0
527615.03799999994,3927847.2519999999,-3269.9499999999998,0
527625.33100000001,3927858.6549999998,-3270.3499999999999,0
527637.33700000006,3927871.8509999998,-3272.9499999999998,0
527647.73600000003,3927883.2489999998,-3272.6500000000001,0
527656.62800000003,3927892.852,-3272.0500000000002,0
527666.63,3927903.5499999998,-3270.1500000000001,0
527676.23499999999,3927913.9509999999,-3268.75,0
527689.33299999998,3927928.4530000002,-3272.9499999999998,0
527697.93200000003,3927937.8530000001,-3271.75,0
527710.22900000005,3927951.3500000001,-3274.1500000000001,0
527720.33900000004,3927962.3470000001,-3273.6500000000001,0
527731.93500000006,3927975.1460000002,-3275.5500000000002,0
527316.96200000006,3927557.7209999999,-3311.0799999999999,0
527326.96299999999,3927568.7239999999,-3310.0799999999999,0
527334.95900000003,3927576.7200000002,-3305.0799999999999,0
527343.95900000003,3927585.7200000002,-3303.0799999999999,0
527352.96400000004,3927595.7250000001,-3299.0799999999999,0
527361.96200000006,3927605.7230000002,-3298.0799999999999,0
527371.96400000004,3927616.7110000001,-3297.0799999999999,0
527381.96499999997,3927627.713,-3298.0799999999999,0
527389.95999999996,3927636.7200000002,-3294.0799999999999,0
527398.96699999995,3927645.7140000002,-3291.0799999999999,0
527409.96400000004,3927657.7140000002,-3292.0799999999999,0
527418.96400000004,3927666.7149999999,-3290.0799999999999,0
527427.96200000006,3927676.7119999998,-3288.0799999999999,0
527437.96200000006,3927688.7110000001,-3290.0799999999999,0
527446.96799999999,3927698.716,-3286.0799999999999,0
527459.95799999998,3927711.7149999999,-3290.0799999999999,0
527468.96299999999,3927721.719,-3289.0799999999999,0
527478.96400000004,3927733.7179999999,-3289.0799999999999,0
527487.96200000006,3927743.716,-3287.0799999999999,0
527498.96699999995,3927755.7089999998,-3289.0799999999999,0
527508.96799999999,3927766.7110000001,-3288.0799999999999,0
527517.96699999995,3927775.7119999998,-3286.0799999999999,0
527525.96400000004,3927783.7080000001,-3282.0799999999999,0
527533.36699999997,3927792.3130000001,-3277.6799999999998,0
527544.06200000003,3927804.2140000002,-3280.0799999999999,0
527553.66500000004,3927814.713,-3279.3800000000001,0
527565.96100000001,3927828.7069999999,-3283.0799999999999,0
527576.96499999997,3927840.7140000002,-3283.0799999999999,0
527584.55900000001,3927848.7080000001,-3279.6799999999998,0
527593.56099999999,3927858.5079999999,-3278.3800000000001,0
527602.65899999999,3927868.5070000002,-3276.5799999999999,0
527611.16799999995,3927877.6030000001,-3273.5799999999999,0
527618.76399999997,3927885.8020000001,-3270.1799999999998,0
527634.46900000004,3927903.605,-3278.0799999999999,0
527644.46999999997,3927914.6069999998,-3278.98,0
527653.46600000001,3927924.3990000002,-3277.1799999999998,0
527663.06099999999,3927934.9049999998,-3276.7800000000002,0
527670.76800000004,3927943.2050000001,-3273.3800000000001,0
527315.91500000004,3927589.8760000002,-3292.8699999999999,0
527328.91399999999,3927602.878,-3294.8699999999999,0
527338.91799999995,3927613.8799999999,-3295.8699999999999,0
527346.91099999996,3927623.8760000002,-3293.8699999999999,0
527355.91299999994,3927632.8730000001,-3291.8699999999999,0
527365.91399999999,3927642.8790000002,-3288.8699999999999,0
527374.91899999999,3927652.872,-3287.8699999999999,0
527387.91299999994,3927666.878,-3292.8699999999999,0
527394.91200000001,3927674.8760000002,-3286.8699999999999,0
527403.91399999999,3927683.8730000001,-3284.8699999999999,0
527410.91899999999,3927691.4759999998,-3280.8699999999999,0
527421.92200000002,3927703.875,-3282.8699999999999,0
527431.91200000001,3927714.8769999999,-3282.8699999999999,0
527441.91599999997,3927725.8790000002,-3282.8699999999999,0
527454.91799999995,3927739.8769999999,-3287.8699999999999,0
527463.91500000004,3927749.878,-3285.8699999999999,0
527471.91000000003,3927757.8739999998,-3281.8699999999999,0
527480.61699999997,3927767.1690000002,-3279.4699999999998,0
527488.52000000002,3927775.5729999999,-3275.9699999999998,0
527497.11699999997,3927784.6680000001,-3273.0700000000002,0
527509.01599999995,3927797.8689999999,-3277.0700000000002,0
527518.01899999997,3927807.5729999999,-3275.3699999999999,0
527524.21699999995,3927813.7749999999,-3268.4699999999998,0
527535.11199999996,3927825.875,-3270.27,0
527550.91200000001,3927843.7710000002,-3280.27,0
527558.91399999999,3927852.1770000001,-3276.0700000000002,0
527567.71499999997,3927861.6719999998,-3275.0700000000002,0
527575.01100000006,3927869.273,-3270.0700000000002,0
527586.61399999994,3927882.0649999999,-3272.3699999999999,0
527602.91299999994,3927900.8679999998,-3283.8699999999999,0
527612.91700000002,3927911.8700000001,-3283.8699999999999,0
527617.91599999997,3927916.3670000001,-3275.0700000000002,0
527313.24399999995,3927590.6060000001,-3300.5599999999999,0
527320.24399999995,3927598.6069999998,-3295.5599999999999,0
527329.24699999997,3927608.608,-3294.5599999999999,0
527340.24699999997,3927620.602,-3295.5599999999999,0
527348.245,3927629.6000000001,-3293.5599999999999,0
527358.24600000004,3927639.6000000001,-3291.5599999999999,0
527369.245,3927652.605,-3295.5599999999999,0
527380.245,3927664.5989999999,-3296.5599999999999,0
527387.245,3927672.6000000001,-3293.5599999999999,0
527395.24300000002,3927680.6009999998,-3289.5599999999999,0
527404.24600000004,3927690.602,-3286.5599999999999,0
527414.24600000004,3927700.602,-3287.5599999999999,0
527422.25199999998,3927710.6039999998,-3284.5599999999999,0
527432.25399999996,3927721.602,-3284.5599999999999,0
527444.24399999995,3927734.5989999999,-3289.5599999999999,0
527453.24699999997,3927744.6009999998,-3286.5599999999999,0
527464.24600000004,3927755.5970000001,-3288.5599999999999,0
527475.245,3927768.6030000001,-3291.5599999999999,0
527484.255,3927777.6000000001,-3289.5599999999999,0
527494.25,3927789.602,-3289.5599999999999,0
527502.24699999997,3927797.602,-3286.5599999999999,0
527511.25100000005,3927807.6030000001,-3284.5599999999999,0
527519.24800000002,3927815.6030000001,-3281.5599999999999,0
527529.25,3927827.5980000002,-3283.5599999999999,0
527540.25,3927839.5920000002,-3283.5599999999999,0
527551.24800000002,3927851.6009999998,-3287.5599999999999,0
527558.24899999995,3927859.602,-3281.5599999999999,0
527566.44900000002,3927867.892,-3279.7600000000002,0
527576.24800000002,3927878.5989999999,-3278.6599999999999,0
527580.65000000002,3927882.9959999998,-3270.2600000000002,0
527596.25,3927900.5950000002,-3280.5599999999999,0
527669.35199999996,3927980.3939999999,-3272.6599999999999,0
527678.55599999998,3927990.4939999999,-3271.7600000000002,0
527694.25199999998,3928007.5950000002,-3280.5599999999999,0
527699.95400000003,3928014.0869999998,-3274.2600000000002,0
527709.05599999998,3928024.091,-3273.46,0
527719.45299999998,3928035.4849999999,-3274.8600000000001,0
527726.55200000003,3928043.0929999999,-3270.0599999999999,0
527734.25,3928051.3870000001,-3267.6599999999999,0
527306.96600000001,3927633.219,-3297.8200000000002,0
527315.96699999995,3927643.2179999999,-3296.8200000000002,0
527325.96400000004,3927653.2119999998,-3294.8200000000002,0
527333.96799999999,3927661.213,-3292.8200000000002,0
527344.96900000004,3927673.2119999998,-3293.8200000000002,0
527353.96299999999,3927683.2170000002,-3293.8200000000002,0
527364.96400000004,3927695.216,-3295.8200000000002,0
527374.96200000006,3927705.21,-3295.8200000000002,0
527386.96400000004,3927718.216,-3300.8200000000002,0
527394.96400000004,3927727.2069999999,-3295.8200000000002,0
527400.96699999995,3927733.2080000001,-3288.8200000000002,0
527408.96999999997,3927741.2089999998,-3286.8200000000002,0
527416.96699999995,3927749.2030000002,-3282.8200000000002,0
527425.95999999996,3927759.2080000001,-3281.8200000000002,0
527434.96799999999,3927768.4079999998,-3279.9200000000001,0
527446.96600000001,3927781.2089999998,-3283.8200000000002,0
527459.96900000004,3927795.2080000001,-3289.8200000000002,0
527465.97100000002,3927801.2089999998,-3282.8200000000002,0
527473.76800000004,3927809.7009999999,-3279.4200000000001,0
527481.06999999995,3927817.4070000001,-3275.52,0
527488.973,3927825.5060000001,-3272.02,0
527500.66700000002,3927838.3080000002,-3276.1199999999999,0
527514.97199999995,3927854.2030000002,-3283.8200000000002,0
527521.36399999994,3927860.6069999998,-3277.9200000000001,0
527530.36800000002,3927870.0040000002,-3276.02,0
527539.56799999997,3927879.9070000001,-3276.2199999999998,0
527548.06999999995,3927888.8999999999,-3274.4200000000001,0
527561.36800000002,3927903.406,-3280.4200000000001,0
527570.56299999997,3927913.202,-3279.1199999999999,0
527579.96499999997,3927923.2990000001,-3279.02,0
527587.86600000004,3927931.497,-3275.52,0
527594.46400000004,3927938.2009999999,-3270.9200000000001,0
527605.37199999997,3927949.9010000001,-3271.9200000000001,0
527617.47499999998,3927963.1979999999,-3276.6199999999999,0
527625.36899999995,3927971.4029999999,-3273.6199999999999,0
527638.46499999997,3927985.7000000002,-3278.52,0
527649.97400000005,3927998.1949999998,-3282.8200000000002,0
527656.96999999997,3928005.5989999999,-3278.3200000000002,0
527668.16899999999,3928017.6009999998,-3278.9200000000001,0
527674.67599999998,3928024.2969999998,-3275.3200000000002,0
527687.272,3928038.091,-3280.3200000000002,0
527313.55799999996,3927716.7990000001,-3289.8899999999999,0
527324.55299999996,3927729.7960000001,-3294.8899999999999,0
527332.55200000003,3927738.798,-3289.8899999999999,0
527340.55799999996,3927747.7940000002,-3286.8899999999999,0
527349.55099999998,3927757.7949999999,-3285.8899999999999,0
527358.55900000001,3927767.7969999998,-3282.8899999999999,0
527368.55500000005,3927778.7910000002,-3283.8899999999999,0
527376.35800000001,3927787.6899999999,-3280.9899999999998,0
527385.95700000005,3927798.398,-3279.79,0
527393.25600000005,3927806.4939999999,-3275.79,0
527407.55299999996,3927822.7910000002,-3283.8899999999999,0
527417.56099999999,3927834.7960000001,-3284.8899999999999,0
527425.55200000003,3927843.7910000002,-3281.8899999999999,0
527434.05799999996,3927852.5860000001,-3279.4899999999998,0
527441.75699999998,3927861.0869999998,-3275.8899999999999,0
527451.95799999998,3927872.6860000002,-3276.5900000000001,0
527461.55700000003,3927883.395,-3275.5900000000001,0
527469.66000000003,3927892.4920000001,-3274.0900000000001,0
527478.45999999996,3927902.2910000002,-3271.3899999999999,0
527490.05900000001,3927915.4849999999,-3274.1900000000001,0
527499.25899999996,3927925.9929999998,-3274.8899999999999,0
527506.45900000003,3927933.7829999998,-3269.9899999999998,0
527516.85800000001,3927945.6899999999,-3271.0900000000001,0
527527.76300000004,3927957.9849999999,-3272.9899999999998,0
527535.06000000006,3927966.179,-3270.29,0
527543.36199999996,3927975.486,-3268.29,0
527552.36300000001,3927985.48,-3265.9899999999998,0
527562.05900000001,3927996.5800000001,-3265.3899999999999,0
527576.56000000006,3928013.2779999999,-3273.1900000000001,0
527644.26500000001,3928089.3799999999,-3258.9899999999998,0
527654.25800000003,3928100.7760000001,-3260.1900000000001,0
527310.26300000004,3927726.8650000002,-3292.8099999999999,0
527318.26399999997,3927735.872,-3290.8099999999999,0
527327.26399999997,3927745.8739999998,-3288.8099999999999,0
527337.26899999997,3927756.8670000001,-3287.8099999999999,0
527349.26399999997,3927769.8739999998,-3290.8099999999999,0
527360.26699999999,3927781.8629999999,-3291.8099999999999,0
527368.26800000004,3927790.8700000001,-3288.8099999999999,0
527379.26399999997,3927801.861,-3288.8099999999999,0
527388.26399999997,3927811.8640000001,-3286.8099999999999,0
527395.26000000001,3927819.8659999999,-3282.8099999999999,0
527411.26199999999,3927837.8650000002,-3292.8099999999999,0
527420.26899999997,3927847.861,-3290.8099999999999,0
527430.26699999999,3927858.8599999999,-3291.8099999999999,0
527437.26899999997,3927865.8650000002,-3283.8099999999999,0
527446.26800000004,3927874.8640000001,-3281.8099999999999,0
527454.06200000003,3927883.7620000001,-3279.1100000000001,0
527462.37,3927892.8659999999,-3276.4099999999999,0
527473.57299999997,3927905.1609999998,-3278.6100000000001,0
527485.26800000004,3927918.0630000001,-3279.6100000000001,0
527494.96799999999,3927928.5619999999,-3279.4099999999999,0
527506.27000000002,3927940.861,-3281.8099999999999,0
527515.06599999999,3927950.6570000001,-3280.3099999999999,0
527523.36600000004,3927959.4569999999,-3277.1100000000001,0
527534.56799999997,3927971.9569999999,-3279.9099999999999,0
527540.37399999995,3927977.9569999999,-3272.4099999999999,0
527551.96999999997,3927990.6639999999,-3273.4099999999999,0
527560.57499999995,3927999.9569999999,-3272.6100000000001,0
527575.16899999999,3928016.2629999998,-3279.5100000000002,0
527582.36899999995,3928023.9550000001,-3275.6100000000001,0
527589.97199999995,3928032.1600000001,-3271.21,0
527601.17500000005,3928044.4550000001,-3272.6100000000001,0
527612.06999999995,3928056.3539999998,-3273.21,0
527620.87399999995,3928065.9530000002,-3271.8099999999999,0
527629.56999999995,3928075.2570000002,-3269.1100000000001,0
527638.071,3928084.659,-3267.71,0
527308.86399999994,3927803.3640000001,-3280.4299999999998,0
527316.65800000005,3927811.8679999998,-3275.5300000000002,0
527327.16099999996,3927823.6630000002,-3276.1300000000001,0
527339.56400000001,3927837.273,-3281.0300000000002,0
527349.26800000004,3927848.767,-3280.4299999999998,0
527361.56999999995,3927862.2650000001,-3283.0300000000002,0
527371.56799999997,3927873.264,-3282.0300000000002,0
527380.56900000002,3927884.2620000001,-3283.0300000000002,0
527386.35999999999,3927890.0630000001,-3273.9299999999998,0
527399.071,3927904.5649999999,-3279.1300000000001,0
527413.56999999995,3927921.2650000001,-3285.0300000000002,0
527420.36800000002,3927928.46,-3279.6300000000001,0
527428.16599999997,3927937.1630000002,-3275.9299999999998,0
527440.26699999999,3927950.8569999998,-3279.5300000000002,0
527450.36499999999,3927962.264,-3279.73,0
527459.17000000004,3927972.0639999998,-3277.6300000000001,0
527471.46600000001,3927985.9580000001,-3280.23,0
527481.76699999999,3927997.5600000001,-3280.5300000000002,0
527488.96900000004,3928005.4539999999,-3276.5300000000002,0
527496.86800000002,3928014.2540000002,-3273.8299999999999,0
527502.87,3928020.6600000001,-3266.6300000000001,0
527511.96600000001,3928030.8560000001,-3264.6300000000001,0
527524.67099999997,3928045.3509999998,-3269.0300000000002,0
527537.87199999997,3928060.2599999998,-3273.1300000000001,0
527544.37300000002,3928067.4550000001,-3267.9299999999998,0
527556.36899999995,3928080.9589999998,-3270.3299999999999,0
527564.27099999995,3928089.8509999998,-3267.3299999999999,0
527571.37199999997,3928097.648,-3263.9299999999998,0
527582.27399999998,3928109.9589999998,-3265.5300000000002,0
527592.57799999998,3928121.6519999998,-3266.1300000000001,0
527603.77000000002,3928134.253,-3266.9299999999998,0
527613.96799999999,3928145.6510000001,-3267.0300000000002,0
527622.07700000005,3928154.6529999999,-3264.0300000000002,0
527639.97999999998,3928175.3500000001,-3276.0300000000002,0
527317.91000000003,3927870.801,-3285.4699999999998,0
527327.91099999996,3927881.798,-3285.4699999999998,0
527336.90800000005,3927891.8029999998,-3283.4699999999998,0
527347.90899999999,3927905.804,-3287.4699999999998,0
527354.90599999996,3927913.801,-3283.4699999999998,0
527362.61100000003,3927923.0010000002,-3280.0700000000002,0
527372.31299999997,3927934.3990000002,-3279.1700000000001,0
527381.21699999995,3927944.9010000001,-3277.9699999999998,0
527392.50800000003,3927958.2960000001,-3282.0700000000002,0
527400.71600000001,3927967.9989999998,-3279.5700000000002,0
527407.01800000004,3927975.3969999999,-3274.77,0
527418.61199999996,3927989.1919999998,-3277.0700000000002,0
527429.31299999997,3928001.8939999999,-3278.1700000000001,0
527438.11100000003,3928012.3969999999,-3278.0700000000002,0
527445.41299999994,3928020.9920000001,-3273.6700000000001,0
527457.60999999999,3928035.4950000001,-3278.77,0
527465.01899999997,3928044.196,-3274.4699999999998,0
527474.10999999999,3928054.8930000002,-3273.4699999999998,0
527479.91700000002,3928061.7949999999,-3267.8699999999999,0
527492.92000000004,3928077.2930000001,-3273.1700000000001,0
527503.21200000006,3928089.4900000002,-3275.6700000000001,0
527509.61600000004,3928097.0920000002,-3269.5700000000002,0
527519.41799999995,3928108.6940000001,-3270.6700000000001,0
527527.61899999995,3928118.3900000001,-3268.8699999999999,0
527536.21499999997,3928128.5899999999,-3266.8699999999999,0
527547.924,3928142.5899999999,-3269.6700000000001,0
527557.61800000002,3928153.9950000001,-3270.77,0
527307.83799999999,3928000.088,-3274.73,0
527315.64000000001,3928009.0819999999,-3271.4299999999998,0
527322.64000000001,3928016.8820000002,-3266.4299999999998,0
527333.23699999996,3928029.3760000002,-3269.0300000000002,0
527343.33799999999,3928041.1779999998,-3269.6300000000001,0
527351.34199999995,3928050.3799999999,-3266.5300000000002,0
527360.54299999995,3928060.9789999998,-3266.4299999999998,0
527371.94499999995,3928074.3769999999,-3268.6300000000001,0
527379.13800000004,3928082.5759999999,-3264.3299999999999,0
527390.04200000002,3928095.4789999998,-3268.1300000000001,0
527398.24300000002,3928104.8820000002,-3266.1300000000001,0
527405.34600000002,3928112.9739999999,-3262.1300000000001,0
527416.04299999995,3928125.3709999998,-3263.1300000000001,0
527423.84400000004,3928134.3790000002,-3259.5300000000002,0
527434.14599999995,3928146.5729999999,-3262.8299999999999,0
527441.84499999997,3928155.2749999999,-3259.5300000000002,0
527452.05000000005,3928167.2760000001,-3260.6300000000001,0
527459.04200000002,3928175.1740000001,-3256.23,0
527515.95299999998,3928241.3709999998,-3256.1300000000001,0
527525.85199999996,3928252.872,-3256.5300000000002,0
527310.82299999997,3927948.412,-3280.8400000000001,0
527320.72999999998,3927960.5109999999,-3281.3400000000001,0
527329.826,3927970.909,-3280.9400000000001,0
527336.527,3927978.8050000002,-3275.8400000000001,0
527346.02800000005,3927990.014,-3275.6399999999999,0
527356.02899999998,3928001.915,-3277.4400000000001,0
527364.53099999996,3928012.111,-3275.54,0
527374.82799999998,3928024.3110000002,-3277.6399999999999,0
527383.23199999996,3928034.2089999998,-3275.2399999999998,0
527391.326,3928043.807,-3273.4400000000001,0
527399.53200000001,3928053.6129999999,-3271.9400000000001,0
527406.13399999996,3928061.409,-3266.4400000000001,0
527414.83400000003,3928071.6069999998,-3265.4400000000001,0
527425.13,3928083.912,-3267.1399999999999,0
527435.23699999996,3928095.906,-3268.4400000000001,0
527444.03500000003,3928106.3100000001,-3267.54,0
527456.63199999998,3928121.4079999998,-3272.8400000000001,0
527462.53099999996,3928128.307,-3266.9400000000001,0
527474.33400000003,3928142.4010000001,-3270.8400000000001,0
527483.43400000001,3928153.2039999999,-3271.1399999999999,0
527491.23999999999,3928162.4049999998,-3268.3400000000001,0
527494.33700000006,3928166.003,-3257.9400000000001,0
527505.43599999999,3928179.2000000002,-3261.3400000000001,0
527513.43799999997,3928188.7990000001,-3258.8400000000001,0
527520.34299999999,3928196.9019999998,-3255.3400000000001,0
527529.93500000006,3928208.4019999998,-3255.2399999999998,0
527535.33400000003,3928214.7009999999,-3249.4400000000001,0
527542.14000000001,3928222.7969999998,-3245.8400000000001,0
527549.43799999997,3928231.497,-3243.04,0
527557.63800000004,3928241.2030000002,-3241.54,0
527566.34400000004,3928251.5,-3240.7399999999998,0
527578.63899999997,3928266.2000000002,-3245.54,0
527594.14399999997,3928284.5989999999,-3254.9400000000001,0
527315.179,3928121.6000000001,-3268.2199999999998,0
527321.98499999999,3928129.6030000001,-3264.1199999999999,0
527328.97900000005,3928137.906,-3259.7199999999998,0
527335.78399999999,3928146.0019999999,-3256.3200000000002,0
527345.28099999996,3928157.3059999999,-3256.1199999999999,0
527355.179,3928169.2030000002,-3256.6199999999999,0
527362.88399999996,3928178.3969999999,-3254.8200000000002,0
527310.13600000006,3928186.4219999998,-3263.54,0
527313.93099999998,3928191.1179999998,-3254.6399999999999,0
527331.73300000001,3928213.6189999999,-3270.6399999999999,0
527335.83400000003,3928218.517,-3262.04,0
527340.53300000005,3928224.3199999998,-3255.54,0
527353.73199999996,3928240.915,-3262.3400000000001,0
527361.93599999999,3928251.122,-3259.9400000000001,0
527369.93099999998,3928261.2149999999,-3258.54,0
527375.32999999996,3928267.8139999998,-3254.2399999999998,0
527382.73100000003,3928277.1159999999,-3251.1399999999999,0
527403.64000000001,3928303.3130000001,-3256.3400000000001,0
527410.23400000005,3928311.5180000002,-3252.1399999999999,0
527423.14199999999,3928327.6140000001,-3259.04,0
527311.43900000001,3928274.7609999999,-3260.1999999999998,0
527322.34600000002,3928288.2590000001,-3262.9000000000001,0
527307.54099999997,3928271.8489999999,-3265.1399999999999,0
527318.63899999997,3928285.5520000001,-3267.04,0
528201.375,3927594.8450000002,-3268.5700000000002,1
528210.87399999995,3927605.7489999998,-3268.9699999999998,1
528220.68000000005,3927616.7489999998,-3269.1700000000001,1
528143.28099999996,3927629.3229999999,-3252.3200000000002,1
528153.08700000006,3927640.5219999999,-3252.8200000000002,1
528162.98499999999,3927651.7179999999,-3252.9200000000001,1
528173.08999999997,3927663.0249999999,-3252.9200000000001,1
528182.58600000001,3927673.9249999998,-3253.9200000000001,1
528192.88699999999,3927685.4190000002,-3253.6199999999999,1
528202.48899999994,3927696.3169999998,-3254.4200000000001,1
528212.78899999999,3927707.8250000002,-3254.1199999999999,1
528222.78799999994,3927719.1189999999,-3254.4200000000001,1
528110.25199999998,3927605.4709999999,-3246.8200000000002,1
528119.951,3927616.767,-3246.9200000000001,1
528129.45299999998,3927627.77,-3247.3200000000002,1
528138.745,3927638.571,-3248.02,1
528148.84299999999,3927650.3689999999,-3247.4200000000001,1
528158.65000000002,3927661.77,-3247.4200000000001,1
528168.04299999995,3927672.6680000001,-3248.1199999999999,1
528177.647,3927683.8739999998,-3248.3200000000002,1
528187.44200000004,3927695.3670000001,-3248.1199999999999,1
528196.94499999995,3927706.4759999998,-3248.4200000000001,1
528206.14399999997,3927717.173,-3249.3200000000002,1
528216.03799999994,3927728.6699999999,-3249.02,1
528225.64199999999,3927739.8769999999,-3249.3200000000002,1
528102.13800000004,3927646.0899999999,-3250.0900000000001,1
528111.43000000005,3927656.7949999999,-3250.4899999999998,1
528120.82900000003,3927667.5920000002,-3250.8899999999999,1
528130.22900000005,3927678.389,-3251.0900000000001,1
528139.63500000001,3927689.193,-3251.4899999999998,1
528149.027,3927699.997,-3251.79,1
528158.527,3927710.8909999998,-3251.9899999999998,1
528168.027,3927721.7999999998,-3252.29,1
528177.52800000005,3927732.801,-3252.4899999999998,1
528187.02800000005,3927743.696,-3252.6900000000001,1
528082.98899999994,3927727.0520000001,-3244.4400000000001,1
528008.29700000002,3927721.4139999999,-3245.77,1
528017.69799999997,3927732.6069999998,-3246.1700000000001,1
528027.19900000002,3927744.0049999999,-3246.4699999999998,1
528037.30299999996,3927755.9109999998,-3245.9699999999998,1
528046.30500000005,3927766.7080000001,-3247.0700000000002,1
528056.39599999995,3927778.7059999998,-3246.4699999999998,1
528065.90300000005,3927790.111,-3246.6700000000001,1
528075.20400000003,3927801.2050000001,-3247.3699999999999,1
528084.69700000004,3927812.503,-3247.5700000000002,1
528094.80200000003,3927824.5010000002,-3246.9699999999998,1
528104.29500000004,3927835.906,-3247.27,1
528113.50300000003,3927846.8020000001,-3248.1700000000001,1
528123.00399999996,3927858.2000000002,-3248.4699999999998,1
528132.70200000005,3927869.7030000002,-3248.3699999999999,1
528142.103,3927881.003,-3248.8699999999999,1
528057.78700000001,3927880.4079999998,-3256.4299999999998,1
528068.28200000001,3927892.6120000002,-3255.8299999999999,1
528078.07999999996,3927904.1129999999,-3256.1300000000001,1
528088.28000000003,3927915.9109999998,-3256.0300000000002,1
528097.57999999996,3927926.8110000002,-3257.3299999999999,1
528107.57999999996,3927938.5060000001,-3257.4299999999998,1
528117.68700000003,3927950.307,-3257.5300000000002,1
528127.38300000003,3927961.6030000001,-3258.0300000000002,1
528137.38100000005,3927973.2069999999,-3258.23,1
528147.37899999996,3927984.8100000001,-3258.5300000000002,1
528157.37899999996,3927996.5060000001,-3258.6300000000001,1
528167.38399999996,3928008.1030000001,-3258.8299999999999,1
528177.38500000001,3928019.9040000001,-3258.8299999999999,1
528186.97999999998,3928031.1030000001,-3259.5300000000002,1
528196.978,3928042.7069999999,-3259.9299999999998,1
528207.27899999998,3928054.7089999998,-3259.5300000000002,1
528012.33400000003,3927861.2799999998,-3252.2199999999998,1
528021.83700000006,3927872.585,-3252.6199999999999,1
528031.33499999996,3927883.8829999999,-3252.9200000000001,1
528040.83200000005,3927895.1809999999,-3253.2199999999998,1
528050.43599999999,3927906.5839999998,-3253.52,1
528059.93400000001,3927917.9879999999,-3253.8200000000002,1
528069.93299999996,3927929.79,-3253.52,1
528079.53200000001,3927941.2779999999,-3253.7199999999998,1
528088.93500000006,3927952.3790000002,-3254.2199999999998,1
528098.43299999996,3927963.7829999998,-3254.52,1
528107.72900000005,3927974.8849999998,-3255.2199999999998,1
527894.34499999997,3927793.068,-3258.1599999999999,1
527904.24399999995,3927804.878,-3257.6599999999999,1
527913.44299999997,3927815.9709999999,-3258.1599999999999,1
527922.74899999995,3927827.1710000001,-3258.46,1
527932.147,3927838.4750000001,-3258.6599999999999,1
527941.647,3927849.9700000002,-3258.6599999999999,1
527950.94499999995,3927861.176,-3258.96,1
527960.24399999995,3927872.3670000001,-3259.3600000000001,1
527969.94299999997,3927883.966,-3259.1599999999999,1
527979.14300000004,3927895.1660000002,-3259.46,1
527988.848,3927906.773,-3259.3600000000001,1
527997.84699999995,3927917.6699999999,-3259.96,1
528007.54000000004,3927929.3679999998,-3259.6599999999999,1
528016.64500000002,3927940.3709999998,-3260.3600000000001,1
528026.04299999995,3927951.6749999998,-3260.5599999999999,1
528035.54200000002,3927963.077,-3260.7600000000002,1
528044.84299999999,3927974.4670000002,-3260.7600000000002,1
528054.64300000004,3927986.2710000002,-3260.3600000000001,1
527878.96699999995,3927813.4679999999,-3263.4099999999999,1
527889.06400000001,3927825.2609999999,-3263.1100000000001,1
527898.46400000004,3927836.3590000002,-3263.8099999999999,1
527908.27000000002,3927847.9649999999,-3263.8099999999999,1
527917.66299999994,3927859.1609999998,-3264.5100000000002,1
527927.87,3927871.1609999998,-3264.0100000000002,1
527937.46699999995,3927882.3670000001,-3264.6100000000001,1
527947.26699999999,3927893.966,-3264.6100000000001,1
527956.86399999994,3927905.264,-3265.0100000000002,1
527966.66299999994,3927916.8620000002,-3265.0100000000002,1
527976.37300000002,3927928.2620000001,-3265.3099999999999,1
527986.16500000004,3927939.8670000001,-3265.3099999999999,1
527995.66399999999,3927951.0649999999,-3266.0100000000002,1
528005.56200000003,3927962.7629999998,-3265.8099999999999,1
528015.26300000004,3927974.2609999999,-3266.1100000000001,1
527867.68999999994,3927850.5180000002,-3270.5900000000001,1
527877.098,3927861.6140000001,-3270.8899999999999,1
527887.39099999995,3927873.7140000002,-3269.9899999999998,1
527896.39800000004,3927884.4169999999,-3270.79,1
527906.19099999999,3927895.9190000002,-3270.6900000000001,1
527915.598,3927907.0150000001,-3271.0900000000001,1
527924.69099999999,3927917.8149999999,-3271.79,1
527934.69299999997,3927929.719,-3271.29,1
527944.29200000002,3927940.912,-3271.4899999999998,1
527953.79200000002,3927952.1129999999,-3271.6900000000001,1
527780.42200000002,3927881.267,-3274.9299999999998,1
527790.22199999995,3927892.8679999998,-3274.0300000000002,1
527799.02500000002,3927903.3629999999,-3274.5300000000002,1
527808.61899999995,3927914.7590000001,-3273.73,1
527818.02000000002,3927925.8599999999,-3273.3299999999999,1
527827.22100000002,3927936.7629999998,-3273.0300000000002,1
527836.42200000002,3927947.6660000002,-3272.4299999999998,1
527860.61600000004,3927976.1600000001,-3267.1300000000001,1
527756.39099999995,3927860.3670000001,-3270.5599999999999,1
527766.39300000004,3927871.2549999999,-3270.5599999999999,1
527775.89099999995,3927881.7650000001,-3271.0599999999999,1
527785.79299999995,3927892.6639999999,-3270.96,1
527795.39399999997,3927903.2549999999,-3271.46,1
527805.28899999999,3927914.1609999998,-3271.46,1
527814.897,3927924.7599999998,-3271.8600000000001,1
527824.98999999999,3927935.8629999999,-3271.6599999999999,1
527834.59100000001,3927946.4539999999,-3271.96,1
527844.29099999997,3927957.0630000001,-3272.3600000000001,1
527824.54599999997,3927880.7609999999,-3275.3600000000001,1
527834.74699999997,3927891.764,-3275.0599999999999,1
527844.14599999995,3927902.0639999998,-3275.7600000000002,1
527854.14300000004,3927912.861,-3275.7600000000002,1
527863.54700000002,3927923.0630000001,-3276.5599999999999,1
527874.04399999999,3927934.4580000001,-3275.7600000000002,1
527747.87399999995,3928002.7889999999,-3275.0300000000002,1
527757.97400000005,3928014.1919999998,-3274.73,1
527767.46999999997,3928024.8859999999,-3275.4299999999998,1
527742.33400000003,3927986.5449999999,-3275.6500000000001,1
527752.93400000001,3927998.1510000001,-3275.75,1
527763.23100000003,3928009.3429999999,-3276.1500000000001,1
527773.83200000005,3928020.9500000002,-3276.1500000000001,1
527783.93900000001,3928032.0460000001,-3276.8499999999999,1
527794.83299999998,3928043.8420000002,-3276.4499999999998,1
527805.33600000001,3928055.3480000002,-3276.5500000000002,1
527815.52899999998,3928066.446,-3277.1500000000001,1
527826.43299999996,3928078.4399999999,-3276.75,1
527836.32799999998,3928089.2420000001,-3277.75,1
527847.53200000001,3928101.4470000002,-3276.9499999999998,1
527857.13300000003,3928112.0460000001,-3278.3499999999999,1
527868.03399999999,3928123.835,-3277.9499999999998,1
527878.13399999996,3928134.9380000001,-3278.6500000000001,1
527889.03300000005,3928146.8399999999,-3278.1500000000001,1
527681.16099999996,3927954.7039999999,-3273.1799999999998,1
527691.26899999997,3927965.702,-3273.2800000000002,1
527701.36499999999,3927976.9040000001,-3273.5799999999999,1
527711.36399999994,3927988.0060000001,-3273.6799999999998,1
527721.56599999999,3927999.2030000002,-3273.8800000000001,1
527731.76500000001,3928010.5,-3273.98,1
527741.76500000001,3928021.6009999998,-3273.98,1
527751.66899999999,3928032.5019999999,-3274.5799999999999,1
527761.87100000004,3928043.7000000002,-3274.3800000000001,1
527772.06400000001,3928055.0040000002,-3274.3800000000001,1
527781.86199999996,3928065.895,-3274.8800000000001,1
527792.26500000001,3928077.3020000001,-3274.7800000000002,1
527801.76599999995,3928087.898,-3275.7800000000002,1
527812.06299999997,3928099.2960000001,-3275.48,1
527822.26500000001,3928110.4929999998,-3275.6799999999998,1
527627.91500000004,3927927.2629999998,-3275.27,1
527637.81400000001,3927938.1719999998,-3275.6700000000001,1
527648.30799999996,3927949.4649999999,-3275.3699999999999,1
527658.31299999997,3927960.3689999999,-3275.5700000000002,1
527668.31000000006,3927971.3629999999,-3275.77,1
527678.41200000001,3927982.3670000001,-3275.9699999999998,1
527688.51300000004,3927993.4700000002,-3276.0700000000002,1
527698.01199999999,3928003.8620000002,-3277.0700000000002,1
527708.30700000003,3928015.1660000002,-3276.6700000000001,1
527718.51399999997,3928026.264,-3276.6700000000001,1
527728.31099999999,3928036.9649999999,-3277.27,1
527738.21299999999,3928047.7599999998,-3277.77,1
527748.81299999997,3928059.3670000001,-3277.0700000000002,1
527758.71499999997,3928070.162,-3277.5700000000002,1
527768.60900000005,3928080.9640000002,-3277.9699999999998,1
527778.61300000001,3928091.966,-3278.1700000000001,1
527788.40800000005,3928102.7659999998,-3278.6700000000001,1
527605.65700000001,3927910.7940000002,-3279.96,1
527614.64899999998,3927920.696,-3279.3600000000001,1
527623.94999999995,3927930.898,-3278.1599999999999,1
527633.45200000005,3927941.2000000002,-3276.7600000000002,1
527642.25,3927950.7910000002,-3276.0599999999999,1
527651.451,3927960.7990000001,-3274.8600000000001,1
527660.554,3927970.7889999999,-3273.6599999999999,1
527584.46200000006,3928022.179,-3272.4899999999998,1
527593.45999999996,3928032.287,-3270.1900000000001,1
527601.76300000004,3928041.5789999999,-3268.8899999999999,1
527610.35999999999,3928051.2820000001,-3266.8899999999999,1
527618.95999999996,3928060.8849999998,-3264.9899999999998,1
527627.15700000001,3928070.182,-3263.29,1
527636.06499999994,3928080.182,-3260.6900000000001,1
527664.26000000001,3928112.0809999998,-3259.9899999999998,1
527673.76500000001,3928122.8790000002,-3260.29,1
527683.56000000006,3928133.9810000001,-3260.3899999999999,1
527692.66700000002,3928144.2749999999,-3261.3899999999999,1
527703.26100000006,3928156.2719999999,-3260.1900000000001,1
527712.75699999998,3928167.176,-3260.5900000000001,1
527722.26199999999,3928177.9739999999,-3260.9899999999998,1
527732.16099999996,3928189.1699999999,-3260.79,1
527648.47400000005,3928095.9509999999,-3267.6100000000001,1
527658.06799999997,3928106.4530000002,-3268.4099999999999,1
527668.47400000005,3928117.8509999998,-3268.3099999999999,1
527678.87300000002,3928129.2570000002,-3268.0100000000002,1
527688.67099999997,3928139.9509999999,-3268.71,1
527699.17200000002,3928151.452,-3268.4099999999999,1
527709.27800000005,3928162.5550000002,-3268.6100000000001,1
527719.47699999996,3928173.6549999998,-3268.71,1
527728.87800000003,3928184.0490000001,-3269.9099999999999,1
527739.473,3928195.6540000001,-3269.4099999999999,1
527749.68000000005,3928206.747,-3269.4099999999999,1
527759.87699999998,3928218.0520000001,-3269.4099999999999,1
527769.87899999996,3928228.952,-3269.9099999999999,1
527780.27800000005,3928240.344,-3269.5100000000002,1
527790.076,3928251.0520000001,-3270.21,1
527800.28200000001,3928262.145,-3270.3099999999999,1
527810.37800000003,3928273.3530000001,-3270.5100000000002,1
527820.47499999998,3928284.3429999999,-3270.8099999999999,1
527830.58200000005,3928295.446,-3271.0100000000002,1
527840.87600000005,3928306.6490000002,-3271.0100000000002,1
527659.57799999998,3928197.25,-3290.0300000000002,1
527669.576,3928209.247,-3290.0300000000002,1
527679.57400000002,3928220.2459999998,-3291.0300000000002,1
527689.57900000003,3928232.25,-3291.0300000000002,1
527700.57499999995,3928243.2489999998,-3291.0300000000002,1
527710.57299999997,3928255.2450000001,-3291.0300000000002,1
527720.57799999998,3928267.2489999998,-3292.0300000000002,1
527731.57499999995,3928278.2480000001,-3292.0300000000002,1
527741.57299999997,3928290.2450000001,-3292.0300000000002,1
527751.57799999998,3928301.2510000002,-3292.0300000000002,1
527761.576,3928313.2480000001,-3293.0300000000002,1
527771.58200000005,3928324.2400000002,-3293.0300000000002,1
527781.57999999996,3928336.2370000002,-3293.0300000000002,1
527792.58299999998,3928347.2429999998,-3293.0300000000002,1
527567.11499999999,3928165.3879999998,-3271.0700000000002,1
527577.01800000004,3928177.0869999998,-3270.6700000000001,1
527586.01699999999,3928187.7859999998,-3271.6700000000001,1
527596.31599999999,3928199.9900000002,-3270.8699999999999,1
527605.51599999995,3928210.9909999999,-3271.3699999999999,1
527615.12,3928222.4890000001,-3271.4699999999998,1
527624.821,3928233.8870000001,-3271.4699999999998,1
527634.31599999999,3928245.1869999999,-3271.8699999999999,1
527643.81900000002,3928256.588,-3271.77,1
527653.62199999997,3928268.1899999999,-3271.77,1
527663.02399999998,3928279.3859999999,-3272.27,1
527672.32499999995,3928290.4840000002,-3272.5700000000002,1
527682.22199999995,3928302.2829999998,-3272.3699999999999,1
527468.94799999997,3928186.6690000002,-3255.8299999999999,1
527478.34999999998,3928197.6749999998,-3256.1300000000001,1
527487.64800000004,3928208.466,-3256.4299999999998,1
527496.853,3928219.2710000002,-3256.6300000000001,1
527506.55000000005,3928230.4720000001,-3256.3299999999999,1
527535.34499999997,3928263.9709999999,-3256.9299999999998,1
527544.85100000002,3928275.0699999998,-3257.23,1
527554.35199999996,3928286.162,-3257.5300000000002,1
527564.15300000005,3928297.5630000001,-3257.5300000000002,1
527573.95499999996,3928308.8709999998,-3257.5300000000002,1
527583.15300000005,3928319.6690000002,-3258.23,1
527603.53899999999,3928295.8999999999,-3255.1399999999999,1
527613.04200000002,3928307.0950000002,-3255.2399999999998,1
527622.54299999995,3928318.3969999999,-3255.2399999999998,1
527372.18400000001,3928189.594,-3255.1199999999999,1
527381.37699999998,3928200.6979999999,-3255.3200000000002,1
527390.68500000006,3928211.7969999998,-3255.6199999999999,1
527400.18099999998,3928223.1940000001,-3255.6199999999999,1
527409.38300000003,3928234.2919999999,-3255.9200000000001,1
527418.78700000001,3928245.5970000001,-3256.02,1
527428.18599999999,3928256.8939999999,-3256.1199999999999,1
527437.08499999996,3928267.5920000002,-3256.8200000000002,1
527446.28599999996,3928278.6899999999,-3257.1199999999999,1
527456.08499999996,3928290.3939999999,-3256.6199999999999,1
527465.48999999999,3928301.7910000002,-3256.7199999999998,1
527474.38899999997,3928312.4890000001,-3257.52,1
527483.78700000001,3928323.787,-3257.6199999999999,1
527492.98699999996,3928334.898,-3257.9200000000001,1
527502.18999999994,3928345.8900000001,-3258.4200000000001,1
527511.68700000003,3928357.287,-3258.2199999999998,1
527520.69099999999,3928368.0920000002,-3258.9200000000001,1
527388.73199999996,3928284.514,-3246.4400000000001,1
527432.63800000004,3928339.514,-3258.54,1
527441.43700000003,3928350.5129999998,-3259.1399999999999,1
527450.33600000001,3928361.7140000002,-3259.4400000000001,1
527459.44200000004,3928373.1069999998,-3259.6399999999999,1
527468.33700000006,3928384.2080000001,-3259.9400000000001,1
527477.64300000004,3928395.8119999999,-3259.7399999999998,1
527331.03899999999,3928298.8539999998,-3263.6999999999998,1
527340.34499999997,3928310.2510000002,-3263.5999999999999,1
527349.14099999995,3928320.9559999998,-3264.0999999999999,1
527358.74300000002,3928332.6540000001,-3263.5999999999999,1
527367.54599999997,3928343.3530000001,-3264.4000000000001,1
527376.94499999995,3928354.753,-3264,1
527386.05099999998,3928365.952,-3264.1999999999998,1
527394.84699999995,3928376.6570000001,-3264.9000000000001,1
527327.63699999999,3928296.6469999999,-3267.54,1
527336.54000000004,3928307.753,-3267.9400000000001,1
527346.23999999999,3928319.747,-3267.4400000000001,1
527355.34100000001,3928331.0529999998,-3267.6399999999999,1
527364.33799999999,3928342.1490000002,-3268.04,1
527373.44799999997,3928353.449,-3268.4400000000001,1
527382.74300000002,3928365.048,-3268.1399999999999,1
527391.84999999998,3928376.2480000001,-3268.6399999999999,1
